name,category,subcategory,process_method,craft_time_sec,output_qty,materials
鐵錠,材料,金屬,金屬加工設備Lv.1,30,3,礦石20
鐵錠,材料,金屬,金屬加工設備Lv.1,30,3,鐵礦石10
鋼錠,材料,金屬,金屬加工設備Lv.1,5分,3,鐵錠3/煤炭4
合金鋼錠,材料,金屬,金屬加工設備Lv.2,1小時20分,3,鋼錠3/銅礦石15/煤炭8
特殊鋼錠,材料,金屬,金屬加工設備Lv.3,4小時,3,合金鋼錠4/白銅礦石20/煤炭12
銀合金錠,材料,金屬,金屬加工設備Lv.4,5小時,3,特殊鋼錠5/銀礦石20/煤炭16
木材,材料,木材,木材加工設備Lv.1,45,3,原木10
木材+,材料,木材,木材加工設備Lv.1,6分,3,木材3/樹液4
高級木材,材料,木材,木材加工設備Lv.2,1小時20分,3,木材+3/高級原木15/樹液8
高級木材+,材料,木材,木材加工設備Lv.3,4小時,3,高級木材4/高級原木+20/樹液12
最高級木材,材料,木材,木材加工設備Lv.4,5小時,3,高級木材+5/最高級原木20/樹液4
單寧粉末,材料,皮革,分解,0,1,樹枝1
皮革,材料,皮革,皮革加工設備Lv.1,30,3,生皮10
皮革+,材料,皮革,皮革加工設備Lv.1,5分,3,皮革3/單寧粉末4
高級皮革,材料,皮革,皮革加工設備Lv.2,1小時20分,3,皮革+3/高級生皮15/單寧粉末8
高級皮革+,材料,皮革,皮革加工設備Lv.3,4小時,3,高級皮革4/高級生皮+20/單寧粉末12
最高級皮革,材料,皮革,皮革加工設備Lv.4,5小時,3,高級皮革+5/最高級生皮20/單寧粉末16
布料,材料,布料,布料加工設備Lv.1,45,3,羊毛10
布料+,材料,布料,布料加工設備Lv.1,6分,3,布料3/羊毛4
高級布料,材料,布料,布料加工設備Lv.2,1小時20分,3,布料+3/高級羊毛15/羊毛8
高級布料+,材料,布料,布料加工設備Lv.3,4小時,3,高級布料4/高級羊毛+20/羊毛12
最高級布料,材料,布料,布料加工設備Lv.4,5小時,3,高級布料+5/最高級羊毛20/羊毛16
絲綢,材料,布料,布料加工設備Lv.1,1分30秒,2,蜘蛛網10
高級絲綢,材料,布料,布料加工設備Lv.2,1小時50分,2,絲綢4/壯壯蘑菇汁液8
最高級絲綢,材料,布料,布料加工設備Lv.4,6小時,2,高級絲綢4/最高級蜘蛛網20/壯壯蘑菇汁液16
新芽蘑菇孢子,材料,藥品,藥品加工設備Lv.2,5分,15,新芽蘑菇30/紙3
新芽蘑菇汁液,材料,藥品,藥品加工設備Lv.1,30,5,新芽蘑菇孢子10/裝水的瓶子1
壯壯蘑菇粉末,材料,藥品,藥品加工設備Lv.1,2分30秒,5,壯壯蘑菇20
壯壯蘑菇孢子,材料,藥品,藥品加工設備Lv.2,5分,15,壯壯蘑菇30/紙3
壯壯蘑菇汁液,材料,藥品,藥品加工設備Lv.1,5分,5,壯壯蘑菇孢子10/裝水的瓶子1
咻咻蘑菇孢子,材料,藥品,藥品加工設備Lv.2,6分,15,咻咻蘑菇30/紙3
咻咻蘑菇汁液,材料,藥品,藥品加工設備Lv.2,20分,5,咻咻蘑菇孢子10/裝水的瓶子1
淨淨蘑菇孢子,材料,藥品,藥品加工設備Lv.3,25分,15,淨淨蘑菇30/紙3
淨淨蘑菇汁液,材料,藥品,藥品加工設備Lv.3,50分,5,淨淨蘑菇孢子10/裝水的瓶子1
增幅蘑菇孢子,材料,藥品,藥品加工設備Lv.4,30分,15,增幅蘑菇30/紙3
增幅蘑菇汁液,材料,藥品,藥品加工設備Lv.4,1小時30分,5,增幅蘑菇孢子10/咻咻蘑菇汁液10
躲躲花粉末,材料,藥品,藥品加工設備Lv.3,15分,5,躲躲花20
傷痕花粉末,材料,藥品,藥品加工設備Lv.4,25分,5,傷痕花20
光輝結晶,材料,藥品,藥品加工設備Lv.1,10分,3,幽靈螢火蟲3/魔力藥草10/黏土3
火苗結晶,材料,藥品,藥品加工設備Lv.2,10分,3,夕陽蝴蝶3/魔力藥草10/黏土3
冰霜結晶,材料,藥品,藥品加工設備Lv.3,10分,3,白雙金龜子3/魔力藥草10/黏土3
電氣結晶,材料,藥品,藥品加工設備Lv.4,10分,3,落葉蛾3/魔力藥草10/黏土3
魔力起爆劑,材料,藥品,藥品加工設備Lv.3,1小時17分30秒,10,蘊含魔力的石頭50/魔力藥草50/閃閃發亮的苔蘚25
封印的憤怒碎片,材料,藥品,藥品加工設備Lv.3,1小時17分30秒,1,憤怒的碎片10/紙10/封印結晶5
封印的遺忘碎片,材料,藥品,藥品加工設備Lv.3,1小時17分30秒,1,遺忘的碎片10/紙10/封印結晶5
封印的野性碎片,材料,藥品,藥品加工設備Lv.3,1小時17分30秒,1,野性的碎片10/紙10/封印結晶5
美乃滋,材料,食材,食材加工設備Lv.1,45,3,雞蛋10/食用油2
麵粉,材料,食材,食材加工設備Lv.2,10分,3,小麥15
起司,材料,食材,食材加工設備Lv.2,10分,3,牛奶6/鹽1
麵,材料,食材,食材加工設備Lv.3,25分,3,麵粉3/雞蛋5/裝水的瓶子1
鮮奶油,材料,食材,食材加工設備Lv.3,25分,3,牛奶12/雞蛋6/糖2
泡水的豆子,材料,食材,食材加工設備Lv.4,20分,5,黃豆30/裝水的瓶子3
豆腐,材料,食材,食材加工設備Lv.4,55分,3,泡水的豆子3/裝水的瓶子3/鹽2/布料3
豆乳,材料,食材,食材加工設備Lv.4,55分,3,泡水的豆子3/裝水的瓶子3/鹽1/食用油1
熟成的大塊肉,材料,食材,食材加工設備Lv.4,2小時30分,1,大塊肉1/藥草6/大蒜2/鹽2/胡椒1
旅行者點心,食物,簡便,立即製作,0,1,雞蛋1/肉1
煎蛋,食物,簡便,食物製作台Lv.1,0,1,雞蛋1/鹽1
水煮蛋,食物,簡便,食物製作台Lv.1,0,1,雞蛋1/裝水的瓶子1
烤肉,食物,力量,食物製作台Lv.1,0,1,肉4/藥草2/鹽1
美乃滋炒肉,食物,力量,食物製作台Lv.1,0,1,肉4/高麗菜1/美乃滋1
牛奶燉豬肉,食物,力量,食物製作台Lv.2,0,1,肉8/牛奶4/大蒜2/藥草2
起司鍋,食物,力量,食物製作台Lv.2,0,1,肉8/起司2/馬鈴薯4/鹽2
蒸蛤蜊,食物,力量,食物製作台Lv.3,0,1,貝類10/裝水的瓶子5/檸檬4/藥草3
奶油醬牛排,食物,力量,食物製作台Lv.3,0,1,肉10/鮮奶油2/大蒜2/胡椒3
沙威瑪,食物,力量,食物製作台Lv.4,0,1,清淡的肉10/黃豆12/麵粉3/高麗菜5/檸檬2
帕瑪森肉排,食物,力量,食物製作台Lv.4,0,1,清淡的肉10/起司3/番茄1/胡椒1/鹽1
烤整顆馬鈴薯,食物,技巧,食物製作台Lv.1,0,1,馬鈴薯4/藥草2/糖2
馬鈴薯沙拉,食物,技巧,食物製作台Lv.1,0,1,馬鈴薯4/高麗菜2/美乃滋1
炒蔬菜,食物,技巧,食物製作台Lv.2,0,1,馬鈴薯8/洋蔥3/高麗菜6/藥草2
瑞可塔起司沙拉,食物,技巧,食物製作台Lv.2,0,1,高麗菜4/起司2/美乃滋1
馬鈴薯湯,食物,技巧,食物製作台Lv.3,0,1,馬鈴薯12/牛奶5/藥草3/胡椒6
蒜香橄欖油義大利麵,食物,技巧,食物製作台Lv.3,0,1,大蒜7/麵2/洋蔥2/胡椒2
豆腐排,食物,技巧,食物製作台Lv.4,0,1,豆腐5/防風草6/大蒜4/胡椒3/食用油2
豆腐麵,食物,技巧,食物製作台Lv.4,0,1,豆腐5/裝水的瓶子5/洋蔥5/白蘿蔔1/鹽3
蘋果汁,食物,智力,食物製作台Lv.1,0,1,蘋果4/藥草2/裝水的瓶子1/糖2
蘋果沙拉,食物,智力,食物製作台Lv.1,0,1,蘋果4/高麗菜2/美乃滋1
起司玉米,食物,智力,食物製作台Lv.2,0,1,玉米10/起司2/藥草2/糖3
蘋果舒芙蕾,食物,智力,食物製作台Lv.2,0,1,蘋果8/麵粉2/雞蛋4/糖4
冰草莓飲,食物,智力,食物製作台Lv.3,0,1,冰10/草莓6/藥草3/糖4
蘋果鮮奶油蛋糕,食物,智力,食物製作台Lv.3,0,1,蘋果12/鮮奶油2/麵粉4/糖9
豆乳刨冰,食物,智力,食物製作台Lv.4,0,1,豆乳4/冰10/檸檬2/糖6/藥草3
豆乳防風草蛋糕,食物,智力,食物製作台Lv.4,0,1,豆乳4/防風草6/鮮奶油2/麵粉4/糖9
白肉魚奶油煎魚,食物,共享,食物製作台Lv.3,0,1,布雷夫尼鯉魚5/銀鯽魚3/馬鈴薯5/麵粉3/檸檬5/鹽3
馬賽魚湯,食物,共享,食物製作台Lv.3,0,1,彩虹鱒魚4/香魚4/番茄6/貝類5/洋蔥2/大蒜4
鯖魚與鮭魚排,食物,共享,食物製作台Lv.3,0,1,鯖魚5/鮭魚3/美乃滋2/蘆筍4/鹽2/胡椒3
鯰魚炸魚薯條,食物,共享,食物製作台Lv.3,0,1,鯰魚6/馬鈴薯6/麵粉3/豌豆4/檸檬2/鹽3
鱸魚辣魚湯,食物,共享,食物製作台Lv.4,0,1,鱸魚6/白蘿蔔4/洋蔥6/裝水的瓶子5/辣椒粉4/胡椒2
大盛宴：不滅之火的紅酒燉牛肉,食物,共享,食物製作台Lv.4,0,1,盛宴材料：不滅之火4/熟成的大塊肉8/厚實的馬鈴薯24/番茄16/洋蔥16/防風草16/鹽4
暴擊秘藥,道具,強化,藥品製作台Lv.1,0,3,四葉草10/咻咻蘑菇汁液3/錢幣瓢蟲6/煉金術碎屑10
絕招秘藥,道具,強化,藥品製作台Lv.1,0,3,毅力草10/咻咻蘑菇汁液3/白花蝶6/煉金術碎屑10
傷害減少秘藥,道具,強化,藥品製作台Lv.1,0,3,血紅藥草10/咻咻蘑菇汁液3/獨角仙6/煉金術碎屑10
移動速度秘藥,道具,強化,藥品製作台Lv.1,0,3,箭花10/咻咻蘑菇汁液3/滴答螢火蟲6/煉金術碎屑10
高級暴擊秘藥,道具,強化,藥品製作台Lv.2,0,3,暴擊秘藥9/淨淨蘑菇汁液5/廢墟的魔力石1/煉金術碎屑20
高級絕招秘藥,道具,強化,藥品製作台Lv.2,0,3,絕招秘藥9/淨淨蘑菇汁液5/廢墟的魔力石1/煉金術碎屑20
高級傷害減少秘藥,道具,強化,藥品製作台Lv.2,0,3,傷害減少秘藥9/淨淨蘑菇汁液5/廢墟的魔力石1/煉金術碎屑20
高級移動速度秘藥,道具,強化,藥品製作台Lv.2,0,3,移動速度秘藥9/淨淨蘑菇汁液5/廢墟的魔力石1/煉金術碎屑20
強擊強化秘藥,道具,強化,藥品製作台Lv.3,0,3,血紅藥草10/淨淨蘑菇汁液3/獨角仙10/煉金術碎屑10
連擊強化秘藥,道具,強化,藥品製作台Lv.3,0,3,箭花10/淨淨蘑菇汁液3/滴答螢火蟲10/煉金術碎屑10
廣域強化秘藥,道具,強化,藥品製作台Lv.3,0,3,魔力藥草10/淨淨蘑菇汁液3/白花蝶10/煉金術碎屑10
高級強擊強化秘藥,道具,強化,藥品製作台Lv.4,0,3,強擊強化秘藥5/增幅蘑菇汁液5/礦山的魔力石6/煉金術碎屑20
高級連擊強化秘藥,道具,強化,藥品製作台Lv.4,0,3,連擊強化秘藥5/增幅蘑菇汁液5/礦山的魔力石6/煉金術碎屑20
高級廣域強化秘藥,道具,強化,藥品製作台Lv.4,0,3,廣域強化秘藥5/增幅蘑菇汁液5/礦山的魔力石6/煉金術碎屑20
混合強化秘藥(山崩),道具,強化,藥品製作台Lv.3,0,2,強擊強化秘藥3/連擊強化秘藥3/強化祕藥乳化劑6/生命的魔力石10/憤怒的碎片20
混合強化秘藥(風暴),道具,強化,藥品製作台Lv.3,0,2,強擊強化秘藥3/廣域強化秘藥3/強化祕藥乳化劑6/生命的魔力石10/遺忘的碎片20
混合強化秘藥(怒濤),道具,強化,藥品製作台Lv.3,0,2,連擊強化秘藥3/廣域強化秘藥3/強化祕藥乳化劑6/生命的魔力石10/野性的碎片20
高級混合強化秘藥(山崩),道具,強化,藥品製作台Lv.4,0,2,高級強擊強化秘藥3/高級連擊強化秘藥3/強化祕藥乳化劑10/生命的魔力石25/憤怒的碎片60
高級混合強化秘藥(風暴),道具,強化,藥品製作台Lv.4,0,2,高級強擊強化秘藥3/高級廣域強化秘藥3/強化祕藥乳化劑10/生命的魔力石25/遺忘的碎片60
高級混合強化秘藥(怒濤),道具,強化,藥品製作台Lv.4,0,2,高級連擊強化秘藥3/高級廣域強化秘藥3/強化祕藥乳化劑10/生命的魔力石25/野性的碎片60
恢復藥水,道具,恢復,立即製作,0,5,血紅藥草2/新芽蘑菇2
繃帶,道具,恢復,立即製作,0,10,布料2
自動恢復藥水,道具,恢復,藥品製作台Lv.1,0,5,恢復藥水5/分解的裝備零件2
高級恢復藥水,道具,恢復,藥品製作台Lv.1,0,5,血紅藥草6/新芽蘑菇汁液5/咻咻蘑菇2
高級自動恢復藥水,道具,恢復,藥品製作台Lv.1,0,5,高級恢復藥水5/分解的裝備零件10
耐熱繃帶,道具,恢復,藥品製作台Lv.1,0,5,繃帶5/壯壯蘑菇粉末3/火苗結晶1
防寒繃帶,道具,恢復,藥品製作台Lv.1,0,5,繃帶5/壯壯蘑菇粉末3/冰霜結晶1
絕緣繃帶,道具,恢復,藥品製作台Lv.1,0,5,繃帶5/壯壯蘑菇粉末3/電氣結晶1
祝福繃帶,道具,恢復,藥品製作台Lv.1,0,5,繃帶5/壯壯蘑菇粉末3/光輝結晶1
封印繃帶,道具,恢復,藥品製作台Lv.1,0,5,繃帶5/壯壯蘑菇粉末3/封印結晶1
最高級恢復藥水,道具,恢復,藥品製作台Lv.2,0,5,血紅藥草12/淨淨蘑菇6/躲躲花6
高級繃帶,道具,恢復,藥品製作台Lv.2,0,10,高級布料2
最高自動恢復藥水,道具,恢復,藥品製作台Lv.2,0,5,最高級恢復藥水5/分解的裝備零件60
高級耐熱繃帶,道具,恢復,藥品製作台Lv.2,0,5,高級繃帶5/躲躲花粉末6/火苗結晶2
高級防寒繃帶,道具,恢復,藥品製作台Lv.2,0,5,高級繃帶5/躲躲花粉末6/冰霜結晶2
高級絕緣繃帶,道具,恢復,藥品製作台Lv.2,0,5,高級繃帶5/躲躲花粉末6/電氣結晶2
高級祝福繃帶,道具,恢復,藥品製作台Lv.2,0,5,高級繃帶5/躲躲花粉末6/光輝結晶2
高級封印繃帶,道具,恢復,藥品製作台Lv.2,0,5,高級繃帶5/躲躲花粉末6/封印結晶2
卓越恢復藥水,道具,恢復,藥品製作台Lv.3,0,5,血紅藥草16/淨淨蘑菇汁液5/生命的魔力石2
卓越自動恢復藥水,道具,恢復,藥品製作台Lv.3,0,5,卓越恢復藥水5/分解的裝備零件120
卓越繃帶,道具,恢復,藥品製作台Lv.4,0,5,高級布料+5/傷痕花粉末6/火苗結晶10/冰霜結晶10/電氣結晶10/光輝結晶10/封印結晶10
染色劑,道具,染色劑,藥品製作台Lv.1,0,1,裝水的瓶子3/染色劑基底10
擠著吃的點心,道具,其他食物,食物製作台Lv.1,0,1,肉3/藥草1/裝水的瓶子1
魔法榴彈部件,道具,魔法榴彈,多用途製作台Lv.3,0,5,分解的裝備零件50/魔力藥草10/峽谷的魔力石1/煉金術碎屑50
火焰魔法榴彈,道具,魔法榴彈,多用途製作台Lv.3,0,3,火苗結晶3/魔法榴彈部件3
閃電魔法榴彈,道具,魔法榴彈,多用途製作台Lv.3,0,3,電氣結晶3/魔法榴彈部件3
風魔法榴彈,道具,魔法榴彈,多用途製作台Lv.3,0,3,凝聚的風3/魔法榴彈部件3
酸蝕魔法榴彈,道具,魔法榴彈,多用途製作台Lv.3,0,3,毒囊3/魔法榴彈部件3
高級魔法榴彈部件,道具,魔法榴彈,多用途製作台Lv.3,0,5,魔法榴彈部件5/魔力起爆劑25/峽谷的魔力石24/煉金術碎屑100
高級火焰魔法榴彈,道具,魔法榴彈,多用途製作台Lv.3,0,3,火苗結晶9/高級魔法榴彈部件3
高級閃電魔法榴彈,道具,魔法榴彈,多用途製作台Lv.3,0,3,電氣結晶9/高級魔法榴彈部件3
高級風魔法榴彈,道具,魔法榴彈,多用途製作台Lv.3,0,3,凝聚的風9/高級魔法榴彈部件3
高級酸蝕魔法榴彈,道具,魔法榴彈,多用途製作台Lv.3,0,3,毒囊9/高級魔法榴彈部件3
高級魔法榴彈部件,道具,魔法榴彈,多用途製作台Lv.4,0,5,分解的裝備零件150/魔力起爆劑15/曠野的魔力石25/煉金術碎屑50
釘子,道具,一般材料,多用途製作台Lv.1,0,10,鐵錠2
營火套組,道具,營火,立即製作,0,1,樹枝5/原木2
熟練營火套組,道具,營火,多用途製作台Lv.1,0,1,樹枝5/高級原木4/石塊10
專業營火套組,道具,營火,多用途製作台Lv.2,0,1,樹枝5/高級原木+4/石塊10
藥草鋤 (40-50),工具,生活工具,多用途製作台Lv.1,0,1,鋼錠2/釘子3/道具部件1
鐮刀 (40-50),工具,生活工具,多用途製作台Lv.1,0,1,鋼錠2/釘子3/道具部件1
小鋤頭 (40-50),工具,生活工具,多用途製作台Lv.1,0,1,鋼錠2/釘子3/道具部件1
羊毛剪 (40-50),工具,生活工具,多用途製作台Lv.1,0,1,鋼錠2/釘子3/道具部件1
伐木斧 (40-50),工具,生活工具,多用途製作台Lv.1,0,1,鋼錠2/釘子6/道具部件1
鶴嘴鋤 (40-50),工具,生活工具,多用途製作台Lv.1,0,1,鋼錠2/釘子6/道具部件1
昆蟲捕捉網 (40-50),工具,生活工具,多用途製作台Lv.1,0,1,木材+3/釘子6/道具部件1
釣竿 (40-50),工具,生活工具,多用途製作台Lv.1,0,1,木材+3/釘子6/道具部件1
改良型藥草鋤 (90-100),工具,生活工具,多用途製作台Lv.2,0,1,合金鋼錠2/釘子3/改良道具部件1
改良型鐮刀 (90-100),工具,生活工具,多用途製作台Lv.2,0,1,合金鋼錠2/釘子3/改良道具部件1
改良型小鋤頭 (90-100),工具,生活工具,多用途製作台Lv.2,0,1,合金鋼錠2/釘子3/改良道具部件1
改良型羊毛剪 (90-100),工具,生活工具,多用途製作台Lv.2,0,1,合金鋼錠2/釘子3/改良道具部件1
改良型伐木斧 (90-100),工具,生活工具,多用途製作台Lv.2,0,1,合金鋼錠2/釘子6/改良道具部件1
改良型鶴嘴鋤 (90-100),工具,生活工具,多用途製作台Lv.2,0,1,合金鋼錠2/釘子6/改良道具部件1
改良型昆蟲捕捉網 (90-100),工具,生活工具,多用途製作台Lv.2,0,1,高級木材3/釘子6/改良道具部件1
改良型釣竿 (90-100),工具,生活工具,多用途製作台Lv.2,0,1,高級木材3/釘子6/改良道具部件1
精巧藥草鋤 (140-150),工具,生活工具,多用途製作台Lv.4,0,1,銀合金錠1/特殊鋼錠2/釘子4/精巧道具部件1
精巧鐮刀 (140-150),工具,生活工具,多用途製作台Lv.4,0,1,銀合金錠1/特殊鋼錠2/釘子4/精巧道具部件1
精巧小鋤頭 (140-150),工具,生活工具,多用途製作台Lv.4,0,1,銀合金錠1/特殊鋼錠2/釘子4/精巧道具部件1
精巧羊毛剪 (140-150),工具,生活工具,多用途製作台Lv.4,0,1,銀合金錠1/特殊鋼錠2/釘子4/精巧道具部件1
精巧伐木斧 (140-150),工具,生活工具,多用途製作台Lv.4,0,1,銀合金錠1/特殊鋼錠2/釘子8/精巧道具部件1
精巧鶴嘴鋤 (140-150),工具,生活工具,多用途製作台Lv.4,0,1,銀合金錠1/特殊鋼錠2/釘子8/精巧道具部件1
精巧昆蟲捕捉網 (140-150),工具,生活工具,多用途製作台Lv.4,0,1,最高級木材1/高級木材+3/釘子8/精巧道具部件1
精巧釣竿 (140-150),工具,生活工具,多用途製作台Lv.4,0,1,最高級木材1/高級木材+3/釘子8/精巧道具部件1
橄欖石項鍊 (39-50),飾品,項鍊,多用途製作台Lv.1,0,1,雕琢橄欖石1/鐵錠2
淚石榴石項鍊 (50-65),飾品,項鍊,多用途製作台Lv.1,0,1,雕琢石榴石1/鋼錠2
藍尖晶石項鍊 (65-80),飾品,項鍊,多用途製作台Lv.1,0,1,雕琢藍尖晶石1/鋼錠3
閃耀鋯石項鍊 (80-98),飾品,項鍊,多用途製作台Lv.2,0,1,雕琢鋯石1/合金鋼錠2
橄欖石項鍊S (98-116),飾品,項鍊,多用途製作台Lv.2,0,1,雕琢橄欖石S1/合金鋼錠2
淚石榴石項鍊S (116-138),飾品,項鍊,多用途製作台Lv.2,0,1,雕琢石榴石S1/合金鋼錠3
藍尖晶石項鍊S (138-160),飾品,項鍊,多用途製作台Lv.2,0,1,雕琢藍尖晶石S1/合金鋼錠3
閃耀鋯石項鍊S (160-189),飾品,項鍊,多用途製作台Lv.3,0,1,雕琢鋯石S1/特殊鋼錠2
橄欖石項鍊SS (189-219),飾品,項鍊,多用途製作台Lv.3,0,1,雕琢橄欖石SS1/特殊鋼錠3
淚石榴石項鍊SS (219-255、史詩),飾品,項鍊,多用途製作台Lv.3,0,1,雕琢石榴石SS1/特殊鋼錠4/抗魔石粉末20
藍尖晶石項鍊SS (255-292、傳說),飾品,項鍊,多用途製作台Lv.3,0,1,雕琢藍尖晶石SS1/特殊鋼錠4/抗魔石粉末60/支配的圖紙(飾品)2
藍尖晶石項鍊SS (255-292、史詩),飾品,項鍊,多用途製作台Lv.4,0,1,雕琢藍尖晶石SS1/銀合金錠2/高級抗魔石粉末20
閃耀鋯石項鍊SS (292-336、傳說),飾品,項鍊,多用途製作台Lv.4,0,1,雕琢鋯石SS1/銀合金錠3/高級抗魔石粉末60/高級支配的圖紙(飾品)2
橄欖石戒指 (35-45),飾品,戒指,多用途製作台Lv.1,0,1,雕琢橄欖石1/鐵錠2
淚石榴石戒指 (45-58),飾品,戒指,多用途製作台Lv.1,0,1,雕琢石榴石1/鋼錠2
藍尖晶石戒指 (58-72),飾品,戒指,多用途製作台Lv.1,0,1,雕琢藍尖晶石1/鋼錠3
閃耀鋯石戒指 (72-88),飾品,戒指,多用途製作台Lv.2,0,1,雕琢鋯石1/合金鋼錠2
橄欖石戒指S (88-104),飾品,戒指,多用途製作台Lv.2,0,1,雕琢橄欖石S1/合金鋼錠2
淚石榴石戒指S (104-124),飾品,戒指,多用途製作台Lv.2,0,1,雕琢石榴石S1/合金鋼錠3
藍尖晶石戒指S (124-144),飾品,戒指,多用途製作台Lv.2,0,1,雕琢藍尖晶石S1/合金鋼錠3
閃耀鋯石戒指S (144-170),飾品,戒指,多用途製作台Lv.3,0,1,雕琢鋯石S1/特殊鋼錠2
橄欖石戒指SS (170-196),飾品,戒指,多用途製作台Lv.3,0,1,雕琢橄欖石SS1/特殊鋼錠3
淚石榴石戒指SS (196-229、史詩),飾品,戒指,多用途製作台Lv.3,0,1,雕琢石榴石SS1/特殊鋼錠4/抗魔石粉末20
藍尖晶石戒指SS (229-262、傳說),飾品,戒指,多用途製作台Lv.3,0,1,雕琢藍尖晶石SS1/特殊鋼錠4/抗魔石粉末60/支配的圖紙(飾品)2
藍尖晶石戒指SS (229-262、史詩),飾品,戒指,多用途製作台Lv.4,0,1,雕琢藍尖晶石SS1/銀合金錠2/高級抗魔石粉末20
閃耀鋯石戒指SS (262-301、傳說),飾品,戒指,多用途製作台Lv.4,0,1,雕琢鋯石SS1/銀合金錠3/高級抗魔石粉末60/高級支配的圖紙(飾品)2
